,rps_model,rps_uniform,rps_freq,logloss_model,brier_model,exact_hit_top1,exact_hit_top5,n
2014,0.18757201409390625,0.24392361111111113,0.2373369715398503,0.9183478384508162,0.5443740241301928,0.140625,0.53125,64
2018,0.2085864489789802,0.24392361111111113,0.24164045979911572,0.9852960345400563,0.5861430039577715,0.140625,0.53125,64
2022,0.224319637260036,0.23871527777777782,0.23360914604099525,1.0680974485454353,0.6218862294797718,0.0625,0.484375,64
all,0.2068260334443075,0.2421875,0.23752885912665378,0.9905804405121025,0.5841344191892454,0.11458333333333333,0.515625,192
