,rps_model,rps_uniform,rps_freq,logloss_model,brier_model,exact_hit_top1,exact_hit_top5,n
2014,0.18757161587244,0.24392361111111116,0.2373369715398503,0.9183465138129933,0.5443730087535343,0.140625,0.53125,64
2018,0.20858681977809385,0.24392361111111113,0.24164045979911572,0.9852971530650294,0.5861437838530528,0.140625,0.53125,64
2022,0.2243196077603543,0.23871527777777782,0.23360914604099525,1.0680973632968396,0.6218861949738149,0.0625,0.484375,64
all,0.20682601447029605,0.24218750000000003,0.23752885912665375,0.9905803433916208,0.5841343291934673,0.11458333333333333,0.515625,192
