,rps_model,rps_uniform,rps_freq,logloss_model,brier_model,exact_hit_top1,exact_hit_top5,n
2014,0.1875725912308234,0.24392361111111113,0.2373369715398503,0.9183495187589423,0.5443750772898572,0.140625,0.53125,64
2018,0.20858679415442916,0.24392361111111113,0.24164045979911572,0.9852967347438871,0.5861435681652967,0.140625,0.53125,64
2022,0.22432007130022724,0.23871527777777782,0.23360914604099525,1.0680990915507582,0.6218872031669643,0.0625,0.484375,64
all,0.20682648556182662,0.2421875,0.23752885912665378,0.9905817816845293,0.5841352828740394,0.11458333333333333,0.515625,192
