,rps_model,rps_uniform,rps_freq,logloss_model,brier_model,exact_hit_top1,exact_hit_top5,n
2014,0.18757201507176807,0.24392361111111113,0.2373369715398503,0.9183478410477145,0.5443740254466789,0.140625,0.53125,64
2018,0.20858644936243087,0.24392361111111113,0.24164045979911572,0.9852960362317301,0.5861430052881812,0.140625,0.53125,64
2022,0.2243196371828239,0.23871527777777782,0.23360914604099525,1.0680974499778546,0.6218862294726114,0.0625,0.484375,64
all,0.20682603387234097,0.2421875,0.23752885912665378,0.9905804424190997,0.5841344200691572,0.11458333333333333,0.515625,192
