,rps_model,rps_uniform,rps_freq,logloss_model,brier_model,exact_hit_top1,exact_hit_top5,n
2014,0.18757201506005494,0.24392361111111113,0.2373369715398503,0.9183478416008952,0.5443740262904262,0.140625,0.53125,64
2018,0.20858644895043177,0.24392361111111113,0.24164045979911572,0.9852960330597831,0.5861430031523788,0.140625,0.53125,64
2022,0.22431963713470066,0.23871527777777782,0.23360914604099525,1.0680974453997816,0.6218862287143249,0.0625,0.484375,64
all,0.20682603371506247,0.2421875,0.23752885912665378,0.9905804400201532,0.5841344193857099,0.11458333333333333,0.515625,192
