,rps_model,rps_uniform,rps_freq,logloss_model,brier_model,exact_hit_top1,exact_hit_top5,n
2014,0.18757328396188017,0.24392361111111113,0.2373369715398503,0.9183516986035571,0.5443765049956935,0.140625,0.53125,64
2018,0.20858674876904648,0.24392361111111113,0.24164045979911572,0.9852964642789874,0.5861434621933382,0.140625,0.53125,64
2022,0.2243201935306727,0.23871527777777782,0.23360914604099525,1.0680992818911945,0.6218875350942501,0.0625,0.484375,64
all,0.20682674208719976,0.2421875,0.23752885912665378,0.9905824815912464,0.5841358340944273,0.11458333333333333,0.515625,192
