,rps_model,rps_uniform,rps_freq,logloss_model,brier_model,exact_hit_top1,exact_hit_top5,n
2014,0.1875730553841406,0.24392361111111113,0.2373369715398503,0.918351074632575,0.5443762641071808,0.140625,0.53125,64
2018,0.2085864968554455,0.24392361111111113,0.24164045979911572,0.9852959053097852,0.5861430166420807,0.140625,0.53125,64
2022,0.22432005514161912,0.23871527777777782,0.23360914604099525,1.0680988685933677,0.621887165817053,0.0625,0.484375,64
all,0.20682653579373508,0.2421875,0.23752885912665378,0.9905819495119093,0.5841354821887714,0.11458333333333333,0.515625,192
