,rps_model,rps_uniform,rps_freq,logloss_model,brier_model,exact_hit_top1,exact_hit_top5,n
2014,0.18757149724282657,0.24392361111111113,0.2373369715398503,0.9183461493696995,0.5443727624762217,0.140625,0.53125,64
2018,0.20858674387533852,0.24392361111111113,0.24164045979911572,0.9852969500383124,0.5861436049641874,0.140625,0.53125,64
2022,0.22431965914501828,0.23871527777777782,0.23360914604099525,1.0680976438448377,0.6218862813948824,0.0625,0.484375,64
all,0.20682596675439446,0.24218750000000003,0.23752885912665378,0.99058024775095,0.5841342162784305,0.11458333333333333,0.515625,192
