,rps_model,rps_uniform,rps_freq,logloss_model,brier_model,exact_hit_top1,exact_hit_top5,n
2014,0.1875712489196491,0.24392361111111113,0.2373369715398503,0.9183453794372084,0.544372275894475,0.140625,0.53125,64
2018,0.20858654972095828,0.24392361111111113,0.24164045979911572,0.9852963331890255,0.5861431691452782,0.140625,0.53125,64
2022,0.22431994307803885,0.23871527777777782,0.23360914604099525,1.0680988821829223,0.6218868409340853,0.0625,0.484375,64
all,0.2068259139062154,0.2421875,0.23752885912665378,0.9905801982697189,0.5841340953246128,0.11458333333333333,0.515625,192
