,rps_model,rps_uniform,rps_freq,logloss_model,brier_model,exact_hit_top1,exact_hit_top5,n
2014,0.1875731937035125,0.24392361111111116,0.2373369715398503,0.9183514748852831,0.5443765240192034,0.140625,0.53125,64
2018,0.2085863631466159,0.24392361111111113,0.24164045979911572,0.9852953634586462,0.5861426681259675,0.140625,0.53125,64
2022,0.22432031561594534,0.23871527777777782,0.23360914604099525,1.068099884113029,0.6218877108592447,0.0625,0.484375,64
all,0.2068266241553579,0.2421875,0.23752885912665378,0.990582240818986,0.5841356343348052,0.11458333333333333,0.515625,192
