,rps_model,rps_uniform,rps_freq,logloss_model,brier_model,exact_hit_top1,exact_hit_top5,n
2014,0.18757159613840868,0.24392361111111113,0.2373369715398503,0.918346541744186,0.5443731884616443,0.140625,0.53125,64
2018,0.20858619395405997,0.24392361111111113,0.24164045979911572,0.9852953031081932,0.5861424571337653,0.140625,0.53125,64
2022,0.22431994114417056,0.23871527777777782,0.23360914604099525,1.0680988536798461,0.6218867870634119,0.0625,0.484375,64
all,0.20682591041221307,0.2421875,0.23752885912665378,0.9905802328440751,0.5841341442196072,0.11458333333333333,0.515625,192
