,rps_model,rps_uniform,rps_freq,logloss_model,brier_model,exact_hit_top1,exact_hit_top5,n
2014,0.18757115978689334,0.24392361111111116,0.2373369715398503,0.9183451093761003,0.5443720758761746,0.140625,0.53125,64
2018,0.20858637697311158,0.24392361111111113,0.24164045979911572,0.985295727152797,0.58614270046082,0.140625,0.53125,64
2022,0.22432018969193604,0.23871527777777782,0.23360914604099525,1.0680999623251008,0.6218873138117306,0.0625,0.484375,64
all,0.20682590881731366,0.2421875,0.23752885912665378,0.990580266284666,0.5841340300495751,0.11458333333333333,0.515625,192
