,rps_model,rps_uniform,rps_freq,logloss_model,brier_model,exact_hit_top1,exact_hit_top5,n
2014,0.18757158858830034,0.24392361111111116,0.2373369715398503,0.9183464392784604,0.5443729594294923,0.140625,0.53125,64
2018,0.20858656356318284,0.24392361111111113,0.24164045979911572,0.9852963388653491,0.5861431939361545,0.140625,0.53125,64
2022,0.22431996778460986,0.23871527777777782,0.23360914604099525,1.0680988289082085,0.6218869218525745,0.0625,0.484375,64
all,0.20682603997869772,0.2421875,0.23752885912665378,0.9905805356840061,0.5841343584060738,0.11458333333333333,0.515625,192
