,rps_model,rps_uniform,rps_freq,logloss_model,brier_model,exact_hit_top1,exact_hit_top5,n
2014,0.187571435213893,0.24392361111111113,0.2373369715398503,0.9183459571569245,0.5443726577652099,0.140625,0.53125,64
2018,0.20858682643725027,0.24392361111111113,0.24164045979911572,0.9852971912122166,0.5861438067345334,0.140625,0.53125,64
2022,0.22431958870280191,0.23871527777777782,0.23360914604099525,1.0680973760078007,0.6218861410560346,0.0625,0.484375,64
all,0.20682595011798174,0.24218750000000003,0.23752885912665375,0.9905801747923139,0.584134201851926,0.11458333333333333,0.515625,192
