,rps_model,rps_uniform,rps_freq,logloss_model,brier_model,exact_hit_top1,exact_hit_top5,n
2014,0.1875712444101706,0.24392361111111113,0.2373369715398503,0.9183453575529517,0.5443722294871282,0.140625,0.53125,64
2018,0.20858616479149494,0.24392361111111113,0.24164045979911572,0.9852951052338853,0.5861422584188316,0.140625,0.53125,64
2022,0.2243204522261102,0.23871527777777782,0.23360914604099525,1.0681009118540783,0.6218878700306093,0.0625,0.484375,64
all,0.20682595380925858,0.2421875,0.23752885912665375,0.9905804582136385,0.5841341193121897,0.11458333333333333,0.515625,192
