bin,n,pred_mean,obs_freq
0.0-0.1,16,0.07181922463990156,0.1875
0.1-0.2,69,0.15643765242501442,0.14492753623188406
0.2-0.3,223,0.26116173599285863,0.2062780269058296
0.3-0.4,113,0.33312093691598776,0.336283185840708
0.4-0.5,68,0.4536077359262515,0.5441176470588235
0.5-0.6,45,0.5500553615226961,0.6666666666666666
0.6-0.7,30,0.6404079266340236,0.7
0.7-0.8,8,0.7421690624976081,0.625
0.8-0.9,3,0.8392858465241799,0.3333333333333333
0.9-1.0,1,0.9096962404409509,1.0
