bin,n,pred_mean,obs_freq
0.0-0.1,16,0.07182068430702562,0.1875
0.1-0.2,69,0.15643789767801028,0.14492753623188406
0.2-0.3,223,0.26116247531938874,0.2062780269058296
0.3-0.4,113,0.33312083415580723,0.336283185840708
0.4-0.5,68,0.4536066044941689,0.5441176470588235
0.5-0.6,45,0.550055027184175,0.6666666666666666
0.6-0.7,30,0.6404063865174207,0.7
0.7-0.8,8,0.7421635439384467,0.625
0.8-0.9,3,0.8392854061495205,0.3333333333333333
0.9-1.0,1,0.9096863611048469,1.0
