bin,n,pred_mean,obs_freq
0.0-0.1,16,0.07182089174407916,0.1875
0.1-0.2,69,0.15643814340256706,0.14492753623188406
0.2-0.3,223,0.26116249571828865,0.2062780269058296
0.3-0.4,113,0.33312085186571355,0.336283185840708
0.4-0.5,68,0.4536064457811034,0.5441176470588235
0.5-0.6,45,0.5500551366661399,0.6666666666666666
0.6-0.7,30,0.6404059077006555,0.7
0.7-0.8,8,0.7421637143698044,0.625
0.8-0.9,3,0.8392832365520054,0.3333333333333333
0.9-1.0,1,0.9096849125881485,1.0
