bin,n,pred_mean,obs_freq
0.0-0.1,16,0.07182010162217259,0.1875
0.1-0.2,69,0.1564375641668675,0.14492753623188406
0.2-0.3,223,0.2611623619602777,0.2062780269058296
0.3-0.4,113,0.33312083935124365,0.336283185840708
0.4-0.5,68,0.45360669204812815,0.5441176470588235
0.5-0.6,45,0.5500553855289586,0.6666666666666666
0.6-0.7,30,0.6404070373711889,0.7
0.7-0.8,8,0.7421649961352546,0.625
0.8-0.9,3,0.839286146149484,0.3333333333333333
0.9-1.0,1,0.9096879459569137,1.0
