bin,n,pred_mean,obs_freq
0.0-0.1,16,0.07182089525811458,0.1875
0.1-0.2,69,0.15643814648978974,0.14492753623188406
0.2-0.3,223,0.26116249800146296,0.2062780269058296
0.3-0.4,113,0.3331208519080469,0.336283185840708
0.4-0.5,68,0.453606442487752,0.5441176470588235
0.5-0.6,45,0.5500551305629156,0.6666666666666666
0.6-0.7,30,0.6404059011501679,0.7
0.7-0.8,8,0.7421637048714517,0.625
0.8-0.9,3,0.8392832347903019,0.3333333333333333
0.9-1.0,1,0.9096849057932372,1.0
