bin,n,pred_mean,obs_freq
0.0-0.1,16,0.0718195751066914,0.1875
0.1-0.2,69,0.15643677089763358,0.14492753623188406
0.2-0.3,223,0.2611618592081869,0.2062780269058296
0.3-0.4,113,0.3331208561613511,0.336283185840708
0.4-0.5,68,0.45360741774294366,0.5441176470588235
0.5-0.6,45,0.550057131285489,0.6666666666666666
0.6-0.7,30,0.640408257258582,0.7
0.7-0.8,8,0.7421667535979114,0.625
0.8-0.9,3,0.8392844377569233,0.3333333333333333
0.9-1.0,1,0.9096878825191561,1.0
