bin,n,pred_mean,obs_freq
0.0-0.1,16,0.07181948923232116,0.1875
0.1-0.2,69,0.15643775847765154,0.14492753623188406
0.2-0.3,223,0.26116188694146353,0.2062780269058296
0.3-0.4,113,0.33312089483958557,0.336283185840708
0.4-0.5,68,0.4536076672533271,0.5441176470588235
0.5-0.6,45,0.5500548568754644,0.6666666666666666
0.6-0.7,30,0.6404076600935407,0.7
0.7-0.8,8,0.7421676616170836,0.625
0.8-0.9,3,0.8392879333782659,0.3333333333333333
0.9-1.0,1,0.9096961040055322,1.0
