bin,n,pred_mean,obs_freq
0.0-0.1,16,0.0718206786364001,0.1875
0.1-0.2,69,0.1564380611184717,0.14492753623188406
0.2-0.3,223,0.2611625668488566,0.2062780269058296
0.3-0.4,113,0.3331208450250069,0.336283185840708
0.4-0.5,68,0.4536063454308572,0.5441176470588235
0.5-0.6,45,0.5500547532037687,0.6666666666666666
0.6-0.7,30,0.6404062396336758,0.7
0.7-0.8,8,0.7421637433364516,0.625
0.8-0.9,3,0.8392853541782316,0.3333333333333333
0.9-1.0,1,0.9096864478177822,1.0
