bin,n,pred_mean,obs_freq
0.0-0.1,16,0.0718203078384051,0.1875
0.1-0.2,69,0.15643885021629292,0.14492753623188406
0.2-0.3,223,0.26116230659054923,0.2062780269058296
0.3-0.4,113,0.33312092697025547,0.336283185840708
0.4-0.5,68,0.4536069893287113,0.5441176470588235
0.5-0.6,45,0.5500532476531195,0.6666666666666666
0.6-0.7,30,0.6404060373756629,0.7
0.7-0.8,8,0.7421661393240035,0.625
0.8-0.9,3,0.8392861665038908,0.3333333333333333
0.9-1.0,1,0.9096951382136285,1.0
