bin,n,pred_mean,obs_freq
0.0-0.1,16,0.0718201478060553,0.1875
0.1-0.2,69,0.1564375441146981,0.14492753623188406
0.2-0.3,223,0.261162236432546,0.2062780269058296
0.3-0.4,113,0.3331208574083125,0.336283185840708
0.4-0.5,68,0.45360694357627734,0.5441176470588235
0.5-0.6,45,0.5500554599837727,0.6666666666666666
0.6-0.7,30,0.6404073065692916,0.7
0.7-0.8,8,0.7421649536601451,0.625
0.8-0.9,3,0.8392855241246616,0.3333333333333333
0.9-1.0,1,0.9096882184013493,1.0
