bin,n,pred_mean,obs_freq
0.0-0.1,16,0.0718190359401019,0.1875
0.1-0.2,69,0.1564362389240829,0.14492753623188406
0.2-0.3,223,0.2611614989029031,0.2062780269058296
0.3-0.4,113,0.3331208662412803,0.336283185840708
0.4-0.5,68,0.45360821164528115,0.5441176470588235
0.5-0.6,45,0.550057322308557,0.6666666666666666
0.6-0.7,30,0.6404098250388162,0.7
0.7-0.8,8,0.7421675961677723,0.625
0.8-0.9,3,0.8392863180757133,0.3333333333333333
0.9-1.0,1,0.9096904280865942,1.0
