bin,n,pred_mean,obs_freq
0.0-0.1,16,0.07181974775414987,0.1875
0.1-0.2,69,0.15643796221761883,0.14492753623188406
0.2-0.3,223,0.261162064556471,0.2062780269058296
0.3-0.4,113,0.333120919596648,0.336283185840708
0.4-0.5,68,0.4536072617456113,0.5441176470588235
0.5-0.6,45,0.5500549034731413,0.6666666666666666
0.6-0.7,30,0.6404068168386919,0.7
0.7-0.8,8,0.7421674971492286,0.625
0.8-0.9,3,0.8392855683010224,0.3333333333333333
0.9-1.0,1,0.9096946901530647,1.0
