bin,n,pred_mean,obs_freq
0.0-0.1,16,0.07182089330847638,0.1875
0.1-0.2,69,0.15643814554874097,0.14492753623188406
0.2-0.3,223,0.26116249348495113,0.2062780269058296
0.3-0.4,113,0.33312085176675066,0.336283185840708
0.4-0.5,68,0.4536064480732368,0.5441176470588235
0.5-0.6,45,0.5500551386951669,0.6666666666666666
0.6-0.7,30,0.6404059105064666,0.7
0.7-0.8,8,0.7421637145781346,0.625
0.8-0.9,3,0.8392832388702643,0.3333333333333333
0.9-1.0,1,0.9096849087218342,1.0
